{"cameraMode":{"drawMode":0,"name":"Shaded","section":"Shading Mode"},"sceneLighting":true,"audioPlay":false,"sceneViewState":{"m_AlwaysRefresh":false,"showFog":true,"showSkybox":true,"showFlares":true,"showImageEffects":true,"showParticleSystems":true,"showVisualEffectGraphs":true,"m_FxEnabled":true},"in2DMode":false,"pivot":{"x":608.270751953125,"y":295.051513671875,"z":-23.282569885253908},"rotation":{"x":-0.07771272957324982,"y":-0.023830126971006395,"z":0.0018562786281108857,"w":-0.9967360496520996},"size":410.7107238769531,"orthographic":false}